-- phpMyAdmin SQL Dump
-- version 5.1.1
-- https://www.phpmyadmin.net/
--
-- Servidor: 127.0.0.1
-- Tiempo de generación: 17-07-2022 a las 19:00:41
-- Versión del servidor: 10.4.22-MariaDB
-- Versión de PHP: 8.0.13

SET SQL_MODE = "NO_AUTO_VALUE_ON_ZERO";
START TRANSACTION;
SET time_zone = "+00:00";


/*!40101 SET @OLD_CHARACTER_SET_CLIENT=@@CHARACTER_SET_CLIENT */;
/*!40101 SET @OLD_CHARACTER_SET_RESULTS=@@CHARACTER_SET_RESULTS */;
/*!40101 SET @OLD_COLLATION_CONNECTION=@@COLLATION_CONNECTION */;
/*!40101 SET NAMES utf8mb4 */;

--
-- Base de datos: `crud`
--

-- --------------------------------------------------------

--
-- Estructura de tabla para la tabla `aprendices`
--

CREATE TABLE `aprendices` (
  `apre_id` int(10) NOT NULL,
  `apre_tipoid` varchar(30) NOT NULL,
  `apre_numid` char(20) NOT NULL,
  `apre_nombres` char(60) NOT NULL,
  `apre_apellidos` char(60) NOT NULL,
  `apre_direccion` char(80) NOT NULL,
  `apre_telefono` char(20) NOT NULL,
  `ficha_numero` int(10) DEFAULT NULL
) ENGINE=InnoDB DEFAULT CHARSET=utf8;

--
-- Volcado de datos para la tabla `aprendices`
--

INSERT INTO `aprendices` (`apre_id`, `apre_tipoid`, `apre_numid`, `apre_nombres`, `apre_apellidos`, `apre_direccion`, `apre_telefono`, `ficha_numero`) VALUES
(2, 'Cedula', '12345678', 'Wilder camilo', 'Hernandez Martinez', 'Calle 39 #27-78', '11111111', 1236545548),
(3, 'Cedula', '10033805455', 'Einer eduardo', 'cachogrande', 'calle 32-12211', '3194312677', 10010),
(5, 'Cedula', '123456789', 'Omar Enrique', 'Peña Becerra', 'Manzan 9 casa 14', '3205487845', 2339956);

-- --------------------------------------------------------

--
-- Estructura de tabla para la tabla `fichas`
--

CREATE TABLE `fichas` (
  `ficha_numero` int(15) NOT NULL,
  `progra_id` int(10) NOT NULL
) ENGINE=InnoDB DEFAULT CHARSET=utf8;

--
-- Volcado de datos para la tabla `fichas`
--

INSERT INTO `fichas` (`ficha_numero`, `progra_id`) VALUES
(2339956, 1),
(2345678, 1),
(10010, 2),
(1236545548, 4),
(2147483647, 4);

-- --------------------------------------------------------

--
-- Estructura de tabla para la tabla `programa`
--

CREATE TABLE `programa` (
  `progra_id` int(10) NOT NULL,
  `progra_nombre` char(20) NOT NULL,
  `tiposp_id` int(10) NOT NULL
) ENGINE=InnoDB DEFAULT CHARSET=utf8;

--
-- Volcado de datos para la tabla `programa`
--

INSERT INTO `programa` (`progra_id`, `progra_nombre`, `tiposp_id`) VALUES
(1, 'GANADERIA', 1),
(2, 'ADSI', 1),
(4, 'fotovoltaico', 1),
(5, 'especies menores', 2);

-- --------------------------------------------------------

--
-- Estructura de tabla para la tabla `tiposprograma`
--

CREATE TABLE `tiposprograma` (
  `tiposp_id` int(10) NOT NULL,
  `tiposp_tipo` char(30) NOT NULL
) ENGINE=InnoDB DEFAULT CHARSET=utf8;

--
-- Volcado de datos para la tabla `tiposprograma`
--

INSERT INTO `tiposprograma` (`tiposp_id`, `tiposp_tipo`) VALUES
(1, 'Presencial'),
(2, 'Virtual'),
(3, 'Mixta');

-- --------------------------------------------------------

--
-- Estructura de tabla para la tabla `usuarios`
--

CREATE TABLE `usuarios` (
  `usua_id` int(10) NOT NULL,
  `usua_nomuser` char(50) NOT NULL,
  `usua_contra` char(20) NOT NULL,
  `usua_tipo` char(30) NOT NULL
) ENGINE=InnoDB DEFAULT CHARSET=utf8;

--
-- Volcado de datos para la tabla `usuarios`
--

INSERT INTO `usuarios` (`usua_id`, `usua_nomuser`, `usua_contra`, `usua_tipo`) VALUES
(1, 'Ejoseguerra', '1995', 'admin');

--
-- Índices para tablas volcadas
--

--
-- Indices de la tabla `aprendices`
--
ALTER TABLE `aprendices`
  ADD PRIMARY KEY (`apre_id`),
  ADD KEY `ficha_numero` (`ficha_numero`);

--
-- Indices de la tabla `fichas`
--
ALTER TABLE `fichas`
  ADD PRIMARY KEY (`ficha_numero`),
  ADD KEY `progra_id` (`progra_id`);

--
-- Indices de la tabla `programa`
--
ALTER TABLE `programa`
  ADD PRIMARY KEY (`progra_id`),
  ADD KEY `tiposp_id` (`tiposp_id`);

--
-- Indices de la tabla `tiposprograma`
--
ALTER TABLE `tiposprograma`
  ADD PRIMARY KEY (`tiposp_id`);

--
-- Indices de la tabla `usuarios`
--
ALTER TABLE `usuarios`
  ADD PRIMARY KEY (`usua_id`);

--
-- AUTO_INCREMENT de las tablas volcadas
--

--
-- AUTO_INCREMENT de la tabla `aprendices`
--
ALTER TABLE `aprendices`
  MODIFY `apre_id` int(10) NOT NULL AUTO_INCREMENT, AUTO_INCREMENT=12;

--
-- AUTO_INCREMENT de la tabla `programa`
--
ALTER TABLE `programa`
  MODIFY `progra_id` int(10) NOT NULL AUTO_INCREMENT, AUTO_INCREMENT=7;

--
-- AUTO_INCREMENT de la tabla `tiposprograma`
--
ALTER TABLE `tiposprograma`
  MODIFY `tiposp_id` int(10) NOT NULL AUTO_INCREMENT, AUTO_INCREMENT=4;

--
-- AUTO_INCREMENT de la tabla `usuarios`
--
ALTER TABLE `usuarios`
  MODIFY `usua_id` int(10) NOT NULL AUTO_INCREMENT, AUTO_INCREMENT=2;

--
-- Restricciones para tablas volcadas
--

--
-- Filtros para la tabla `aprendices`
--
ALTER TABLE `aprendices`
  ADD CONSTRAINT `aprendices_ibfk_1` FOREIGN KEY (`ficha_numero`) REFERENCES `fichas` (`ficha_numero`);

--
-- Filtros para la tabla `fichas`
--
ALTER TABLE `fichas`
  ADD CONSTRAINT `fichas_ibfk_1` FOREIGN KEY (`progra_id`) REFERENCES `programa` (`progra_id`);

--
-- Filtros para la tabla `programa`
--
ALTER TABLE `programa`
  ADD CONSTRAINT `programa_ibfk_1` FOREIGN KEY (`tiposp_id`) REFERENCES `tiposprograma` (`tiposp_id`);
COMMIT;

/*!40101 SET CHARACTER_SET_CLIENT=@OLD_CHARACTER_SET_CLIENT */;
/*!40101 SET CHARACTER_SET_RESULTS=@OLD_CHARACTER_SET_RESULTS */;
/*!40101 SET COLLATION_CONNECTION=@OLD_COLLATION_CONNECTION */;
